{
    "MSE": 6.406884494936094e-05,
    "RMSE": 0.008004301652821497,
    "MAE": 0.004570736549794674,
    "MAPE": 0.3097819397225976,
    "SMAPE": 0.3096821717917919,
    "DirectionalAccuracy": 0.3986183270458904,
    "WAPE": 0.002759641234918041
}